{"Gryffindor": [[-4.107155242026394], [-1.1665937720708395], [-1.4830101484963756], [2.4803512092083673], [0.06764625139238811]], "Hufflepuff": [[-3.0039290413265225], [-2.0408404415439296], [2.4064639903209644], [2.8484276041586516], [-2.4851730687828617]], "Ravenclaw": [[-2.7384480553200863], [1.6554583065304778], [2.239363348053683], [0.9098180846351874]], "Slytherin": [[-3.9616954436273315], [3.2977272710216163], [-2.353056636587472], [0.21792425283939568], [-2.9283615388064828]]}