{"Arithmancy": 16679.806035559308, "Astronomy": 520.298267605171, "Herbology": 5.219681993531828, "Defense Against the Dark Arts": 5.212793707585852, "Divination": 4.155300897977581, "Muggle Studies": 486.3448396520667, "Ancient Runes": 106.28516457845276, "History of Magic": 4.425774656123574, "Transfiguration": 44.12511586678027, "Potions": 3.14785425039337, "Care of Magical Creatures": 0.9714569677256248, "Charms": 8.783639876017116, "Flying": 97.63160206806155}